Workbook
Name Button_429: "LeaseCalc_Lease_Data_List"
Name CellAbove: INDIRECT(ADDRESS(ROW()-1,COLUMN()))
Name CIT: #N/A
Name IQ_CH: 110000
Name IQ_CQ: 5000
Name IQ_CY: 10000
Name IQ_DAILY: 500000
Name IQ_FH: 100000
Name IQ_FQ: 500
Name IQ_FY: 1000
Name IQ_LTM: 2000
Name IQ_MONTH: 15000
Name IQ_NTM: 6000
Name IQ_WEEK: 50000
Name IQ_YTD: 3000
Name TM1REBUILDOPTION: 1

Sheet Cover
A1: Cover
A2: Source: <document_source>
A4: Template dashboard with navigation and QC status-at-a-glance.
A7: Navigation
A8: Section | B8: Go to sheet | C8: Status | D8: Notes | E8: Last refresh | F8: Owner | G8: Priority | H8: Complete
A9: Control | B9: =HYPERLINK(#'Control | Setup'!A1,Go to Control | Setup) | C9: ='Control | QC'!B4 | D9: Template controls and periods | E9: =NOW() | F9: <preparer> | G9: Core | H9: =IF(C3="PASS",TRUE,FALSE)
A10: Financials | B10: =HYPERLINK(#'Combined | IS'!A1,Go to Combined | IS) | C10: ='Control | QC'!B4 | D10: IS/BS/CF scaffolds | E10: =NOW() | F10: <preparer> | G10: Core | H10: =IF(C10="PASS",TRUE,FALSE)
A11: QofE | B11: =HYPERLINK(#'QofE | Summary'!A1,Go to QofE | Summary) | C11: ='Control | QC'!B4 | D11: QofE summary and detail | E11: =NOW() | F11: <preparer> | G11: Core | H11: =IF(C11="PASS",TRUE,FALSE)
A12: NWC | B12: =HYPERLINK(#'NWC | Summary'!A1,Go to NWC | Summary) | C12: ='Control | QC'!B4 | D12: NWC summary/detail/days | E12: =NOW() | F12: <preparer> | G12: Core | H12: =IF(C12="PASS",TRUE,FALSE)
A13: Net debt | B13: =HYPERLINK(#'Net_debt'!A1,Go to Net_debt) | C13: ='Control | QC'!B4 | D13: Net debt scaffold | E13: =NOW() | F13: <preparer> | G13: Core | H13: =IF(C13="PASS",TRUE,FALSE)
A14: Recons | B14: =HYPERLINK(#'Recons'!A1,Go to Recons) | C14: ='Control | QC'!B4 | D14: Cross-tab reconciliations | E14: =NOW() | F14: <preparer> | G14: Core | H14: =IF(C14="PASS",TRUE,FALSE)
A15: Agings | B15: =HYPERLINK(#'Agings'!A1,Go to Agings) | C15: ='Control | QC'!B4 | D15: AR/AP aging tie-outs | E15: =NOW() | F15: <preparer> | G15: Core | H15: =IF(C15="PASS",TRUE,FALSE)
A16: Modules | B16: =HYPERLINK(#'Personnel'!A1,Go to Personnel) | C16: ='Control | QC'!B4 | D16: Base module library tabs | E16: =NOW() | F16: <preparer> | G16: Core | H16: =IF(C16="PASS",TRUE,FALSE)
A20: Workbook QC
A21: Overall QC status | B21: ='Control | QC'!B4
A22: Open check count | B22: =COUNTIF('Control | QC'!G9:G200,FALSE)
A23: Last source used | B23: <document_source>
